<?xml version="1.0" encoding="utf-8"?>
<doc>
    <assembly>
        <name>GerenciamentoTarefasAPI</name>
    </assembly>
    <members>
        <member name="Tarefa">
            <summary>Representa uma tarefa na API de gerenciamento de tarefas.</summary>
            <remarks>Esta classe contém informações sobre uma tarefa, incluindo seu ID, Nome, Descrição, Data de Conclusão,Prioridade e Status .</remarks>
        </member>
        <member name="TarefaController">
            <summary>Controlador responsável por lidar com as solicitações relacionadas a tarefas.</summary>
            <remarks>Este controlador contém a lógica para criar, ler, atualizar e excluir tarefas na API de gerenciamento de tarefas.</remarks>
        </member>
        <member name="GerenciadorTarefas">
            <summary>Classe responsável por gerenciar as tarefas na API de gerenciamento de tarefas.</summary>
            <remarks>Esta classe contém a lógica para criar, ler, atualizar e excluir tarefas na API de gerenciamento de tarefas.</remarks>
        </member>
        <member name="Startup">
            <summary>Classe responsável por configurar o ambiente de execução da API de gerenciamento de tarefas.</summary>
            <remarks>Esta classe define os serviços e middleware necessários para executar a API de gerenciamento de tarefas.</remarks>
        </member>
        <member name="TarefasContext">
            <summary>Classe responsável por fornecer acesso aos dados das tarefas na API de gerenciamento de tarefas.</summary>
            <remarks>Esta classe define o contexto de banco de dados usado pela API de gerenciamento de tarefas.</remarks>
        </member>
    </members>
</doc>
